title,vendor,price,rating,reviews_count
Google Analytics for WooCommerce,Woo,Free,4.3,51
WooCommerce Tax,Woo,Free,4,14
Stripe,Stripe,Free,3.7,47
Klaviyo,Klaviyo,Free,3.9,26
Mailchimp,Mailchimp,Free,3.7,52
Jetpack,Jetpack,Free,4.5,21
Facebook,Facebook,Free,2.6,120
WooPayments,Woo,Free,3.9,139
Google for WooCommerce,Woo,Free,4.2,144
Product Add-Ons,Woo,$79.00,3.3,44
PayPal Payments,PayPal,Free,3.5,290
Square,Woo,Free,3.3,122
USPS Shipping Method,Woo,$109.00,3.1,25
UPS Shipping Method,Woo,$109.00,2,25
Shipment Tracking,Woo,$59.00,3.1,30
Amazon Pay,Amazon Pay,Free,2.9,44
WooCommerce Subscriptions,Woo,$279.00,3.2,109
Min/Max Quantities,Woo,$49.00,4.1,17
Product Bundles,Woo,$79.00,4.7,148
WooCommerce Shipping,Woo,Free,2.5,19
Australia Post Shipping Method,Woo,$109.00,2.3,7
Canada Post Shipping Method,Woo,$109.00,2,7
Royal Mail Shipping Method,Woo,$109.00,2.3,3
Avalara,Avalara,Free,2.4,57
FedEx Shipping Method,Woo,$109.00,2.4,17
TaxJar,TaxJar,Free,1,3
Gift Cards,Woo,$79.00,4.3,46
EU VAT Number,Woo,$39.00,3.2,9
Back In Stock Notifications,Woo,$59.00,4.1,16
Product Recommendations,Woo,$99.00,4.5,15
ShipStation,Woo,Free,3.9,18
AutomateWoo,Woo,$159.00,3.6,26
Payfast Payment Gateway,Woo,Free,4.8,5
Checkout Field Editor,Woo,$49.00,2.7,19
Table Rate Shipping,Woo,$119.00,3.6,18
TikTok,TikTok for Business,Free,2.5,111
WooCommerce Bookings,Woo,$249.00,2.7,58
Pinterest,Woo,Free,3.9,22
"Google, Facebook, Retargeting all-in-one Marketing",Kliken,Free,4.3,119
WooCommerce Memberships,SkyVerge,$199.00,4,141
Product CSV Import Suite,Woo,$59.00,2.8,12
"Authorize.net, a Visa solution",SkyVerge,$79.00,4.1,106
Xero,Woo,$109.00,2.5,17
WooCommerce Accommodation Bookings,Woo,Free,,
Product Vendors,Woo,$119.00,2.8,25
WooCommerce Points and Rewards,Woo,$179.00,2.4,20
Zapier Integration,Tectalic,$99.00,4,79
Advanced Notifications,Woo,$39.00,3,4
WooCommerce Additional Variation Images,Woo,$59.00,2.2,6
WooCommerce Pre-Orders,Woo,$179.00,2.7,10
WooCommerce Deposits,Woo,$219.00,1.9,14
PayPal Braintree,Woo,Free,,
WooCommerce Subscription Downloads,Woo,$59.00,,
Smart Coupons,StoreApps,$129.00,4.4,221
Shipping Multiple Addresses,Woo,$59.00,1.6,8
Amazon S3 Storage,Kestrel,$89.00,3.5,21
WooCommerce Purchase Order Gateway,Woo,$49.00,,
Bulk Stock Management,Woo,$49.00,,
WooCommerce Box Office,Woo,$129.00,1.7,3
LiveChat for WooCommerce,Live Chat,Free,4.3,12
Returns and Warranty Requests,Woo,$99.00,2,7
WooCommerce Order Barcodes,Woo,$99.00,1.7,3
Force Sells,Kestrel,$59.00,,
WooCommerce Bookings Availability,Woo,$59.00,1.4,7
Quick View,Kestrel,$59.00,1.5,3
360º Image,Kestrel,$59.00,,
Photography,Kestrel,$89.00,2.6,6
Customer / Order / Coupon Export,SkyVerge,$79.00,4.2,43
Kestrel Products Compare,Kestrel,$59.00,,
Software Add-on,Kestrel,$149.00,3.3,4
Store Catalog PDF Download,Kestrel,$59.00,,
Google Product Feed,Ademti Software,$79.00,4.4,71
Name Your Price,Backcourt Development,$59.00,4.9,79
Mercado Pago,Mercado Pago,Free,4.4,18
Print Invoices and Packing Lists,SkyVerge,$79.00,4.3,37
Klarna,Klarna,Free,3.1,27
reCaptcha Integration,I13 Web Solution,$29.00,3.6,36
Dynamic Pricing,Element Stark,$129.00,3.3,36
Storefront Extensions Bundle,Woo,$69.00,3.7,3
Klarna Checkout,Klarna,Free,2,4
Composite Products,Woo,$149.00,4.8,106
Conditional Shipping and Payments,Woo,$109.00,4.6,52
Gravity Forms Product Add-ons,Element Stark,$109.00,3.3,25
Affirm Payments,Affirm,Free,1.9,11
Order Status Manager,SkyVerge,$49.00,4.1,23
Trustpilot Reviews,Trustpilot,Free,3.4,9
QuickBooks Sync,MyWorks Software,Free,4,11
Eway,Eway,Free,2,4
WooCommerce Product Search,itthinx,$59.00,4.3,191
WooCommerce One Page Checkout,Woo,$79.00,2.3,10
Sensei Pro (WC Paid Courses),Sensei,$179.00,3.1,7
Sequential Order Numbers Pro,SkyVerge,$49.00,4.4,16
Mollie Payments,Mollie,Free,3.8,16
Google Analytics Pro,SkyVerge,$79.00,3.2,35
All Products for WooCommerce Subscriptions,Woo,$99.00,4.8,37
Order Status Control,SkyVerge,$29.00,2.9,14
Payoneer Checkout,Payoneer,Free,3.5,16
Checkout Add-Ons,SkyVerge,$79.00,4.5,14
Catalog Visibility Options,Element Stark,$59.00,4.2,9
Coupon Shortcodes,itthinx,Free,,
"MailPoet – Newsletters, Email Marketing, and Automation",Woo,Free,,
Clover Gateway,Kestrel,$89.00,4.9,8
Variation Swatches and Photos,Element Stark,$99.00,3.5,4
Local Pickup Plus,SkyVerge,$99.00,4.2,50
Per Product Shipping,Woo,$99.00,,
Social Login,SkyVerge,$99.00,4.3,10
Customer/Order/Coupon CSV Import Suite,SkyVerge,$79.00,3.2,9
Afterpay,Afterpay,Free,2.1,10
Cost of Goods,SkyVerge,$79.00,3.7,17
Elavon Converge Payment Gateway,SkyVerge,$79.00,3,53
PayU India,PayU,Free,2.6,7
Razorpay,Razorpay,Free,3.6,7
Intuit Payments Gateway,SkyVerge,$99.00,3.9,37
Tab Manager,SkyVerge,$99.00,4.2,13
Measurement Price Calculator,SkyVerge,$149.00,3.8,41
Waitlist,The team at PIE,$49.00,4.8,16
Wishlists,Element Stark,$89.00,3.7,6
PDF Invoices,Andrew Benbow,$79.00,2.5,18
Affiliate,StoreApps,$179.00,4.4,112
Jetpack VaultPress Backup,Jetpack,$120.00,1.8,5
Groups Integration,itthinx,$89.00,5,7
WooCommerce Stamps.com API,Woo,$99.00,,
Global Payments HPP,SkyVerge,$79.00,4,13
Wholesale For WooCommerce - B2B Ecommerce,WPExperts,$129.00,4.4,133
Request a Quote,Addify,$69.00,4.7,145
URL Coupons,SkyVerge,$49.00,4.2,11
Instagram Sync,Kestrel,$99.00,2.7,15
Product Filters for WooCommerce,Woo,$79.00,2.2,34
Moneris Gateway,SkyVerge,$99.00,3,28
Free Gift Coupons,Backcourt Development,$39.00,4.6,10
Postcode/Address Validation,SkyVerge,$49.00,3.4,9
Rapyd Payments,Rapyd,Free,3.6,5
Bolt Checkout,Bolt,Free,,
Role-Based Payment / Shipping Methods,WP BackOffice,$59.00,4.4,7
Currency Converter Widget,Kestrel,$59.00,2.8,5
Mix and Match Products,Backcourt Development,$89.00,5,68
PDF Product Vouchers,SkyVerge,$129.00,3.9,41
Buy One Get One Free,Óscar Gare,$49.00,4.5,35
Free Gifts,Flintop,$79.00,4.5,31
Custom User Registration Fields,Addify,$59.00,4.8,59
Paystack,Paystack,Free,3.9,9
Printful: Print on Demand,Printful,Free,3.4,12
Coinbase Commerce,Coinbase Inc,Free,3.7,16
Store Credit,Kestrel,$89.00,3.4,13
Payment Gateway Based Fees,InoPlugs,$49.00,4.3,11
Chained Products,StoreApps,$79.00,4.5,25
Role Based Pricing,Addify,$79.00,4.8,66
Anti-Fraud,OPMC,$129.00,3.4,46
B2B for WooCommerce,Addify,$179.00,4.7,124
Advanced Shipping Packages,Jeroen Sormani,$49.00,5,12
Cart Notices,SkyVerge,$49.00,3.7,7
AutomateWoo - Refer A Friend add-on,Woo,$99.00,1.8,5
Creative Mail,Constant Contact - Creative Mail Team,Free,3.3,4
Subscribe to Newsletter,Kestrel,$59.00,3.4,6
WooCommerce Distance Rate Shipping,Woo,$99.00,3.8,4
Dropshipping,OPMC,$79.00,2.6,32
Custom Thank You Pages,Jeroen Sormani,$49.00,3,7
Packlink PRO,Packlink Shipping,Free,3.1,14
Donation,WPExperts,$99.00,4.1,68
Amazon for WooCommerce,CedCommerce,Free,3.9,59
TIV Multi-Currency,TIV.NET INC.,$149.00,3.4,18
Cart Reports,WP BackOffice,$89.00,2.7,6
Product Reviews Pro,SkyVerge,$79.00,3.5,13
Clearpay,Clearpay,Free,,
Amazon Fulfillment (MCF),Never Settle,$99.00,2.9,20
Bambora,SkyVerge,$79.00,3.9,11
RedSys Gateway | Pasarela Redsys,Jose Conti,$79.00,4.9,54
Product Video,Addify,$59.00,4.3,52
WooCommerce Analytics,Woo,Free,4.5,6
PayPal Zettle,Syde,Free,3.8,9
Tiered Pricing Table,u2code - Kolya Lukin,$79.00,4.9,61
Order Delivery,Kestrel,$149.00,3.5,10
GoCardless,GoCardless,Free,3.1,7
Twilio SMS Notifications,SkyVerge,$49.00,,
Admin Custom Order Fields,SkyVerge,$99.00,4.4,5
Tax Exempt,Addify,$59.00,4.6,25
DePay Payments,DePay,Free,4.4,10
Advanced Product Labels,Jeroen Sormani,$49.00,,
Easyship,Easyship,Free,3.9,9
Teams for WooCommerce Memberships,SkyVerge,$129.00,4.5,11
Product Documents,SkyVerge,$49.00,,
Abandoned Cart Recovery,Addify,$79.00,4.8,26
Lightspeed POS,Kestrel,$249.00,4.3,36
AWeber Integration,Kestrel,$59.00,4.4,8
USA ePay,Kestrel,$89.00,,
Vimeo,Vimeo,Free,5,4
Ajax-Enabled Enhanced Layered Navigation,Kestrel,$59.00,3,3
Nested Category Layout,SkyVerge,$79.00,4.3,4
PayTrace Gateway,VanboDevelops,$79.00,,
Conditional Checkout Fields & Edit Checkout Fields,FmeAddons,$49.00,4.6,106
CyberSource Payment Gateway,SkyVerge,$79.00,4.3,8
Customize My Account,ThemeGrill,$59.00,3.8,6
Sendcloud,Sendcloud,Free,5,4
Windcave Gateway,OPMC,$79.00,2.7,7
NAB Transact,Tyson Armstrong,$79.00,,
Products Visibility by User Roles,Addify,$59.00,4.5,21
Quantity Discounts & Pricing,Plugify,$49.00,4.9,57
Hide Price & Add to Cart Button,Addify,$49.00,4.8,40
Contact for Shipping Quote,Jeroen Sormani,$49.00,3.4,18
Google reCaptcha,KoalaApps,$29.00,4.5,15
Import Export Suite,WebToffee,$129.00,3.9,15
Rental Products,Kestrel,$189.00,4.6,23
Customer Upload Files,FmeAddons,$49.00,4,64
"Bulk Edit Products, Prices, and Attributes",ELEXtensions,$79.00,3.8,11
Extra Fees,Flintop,$79.00,4.6,14
Envia Shipping and Fulfillment,Envia Shipping and Fulfillment,Free,4.5,38
Multichannel for WooCommerce,CedCommerce,Free,3.8,29
Email Attachments,InoPlugs,$29.00,,
Lottery,Flintop,$129.00,4.2,37
Bank of America,Bank of America,Free,2.4,16
Enhancer for WooCommerce Subscriptions,Flintop,$99.00,3.8,6
Conditional Content,Element Stark,$49.00,,
Products By Attributes & Variations,Addify,$69.00,4.8,17
Paya for WooCommerce (formerly Sage Payments USA),Andrew Benbow,$79.00,2.5,4
Mailchimp for WooCommerce Memberships,SkyVerge,$49.00,3.7,3
Coupon Referral Program,WP Swings,$49.00,4.5,22
Sales Report Email,Kestrel,$59.00,,
Tag Pilot PRO GTM Integration,Tag Concierge,$99.00,5,25
Add Featured Videos in Product Gallery,FmeAddons,$49.00,4.2,41
Advanced Product Quantity,Addify,$59.00,4.6,25
Bulk Variation Forms,Element Stark,$49.00,,
BeProfit: Profit Calculator & Business Reports,Viably Capital Inc,Free,2.2,5
Account Funds,Kestrel,$89.00,,
Customer History,Brian Richards,$49.00,,
Split Orders,Vibe Agency,$49.00,4.3,7
Airwallex Payments,Airwallex,Free,3,4
Splash Popup,Kestrel,$59.00,,
"Redirect After Login, Registration, and Logout",Addify,$29.00,5,9
Meta Ads & Pixel,Kliken,Free,,
Cart Upsell,SKROTRON,$29.00,1,5
WS Form PRO Product Custom Fields Add-Ons,Westguard Solutions,$49.00,4.8,8
Currency Switcher,WPExperts,$99.00,4.3,38
Bulk Table Editor,Consortia AS,$89.00,4.8,13
Extra Custom Product Options,Plugify,$49.00,4.8,41
Product Retailers,SkyVerge,$49.00,4.7,3
Google Address Autocomplete,HighAddons,$49.00,3.1,11
Google Merchant Center Customer Reviews Integration,WebPerfect,$79.00,3.7,10
Quick Buy Now Button,Addify,$39.00,4.4,17
Recommendation Engine,Element Stark,$79.00,2.6,5
Add to Cart Redirect,Jeroen Sormani,$29.00,,
ANZ eGate (MIGS),Tyson Armstrong,$79.00,,
Weglot Translate,Weglot,Free,2.5,4
Extend - Referral System,Codup,$49.00,,
Group Coupons,itthinx,$49.00,,
AutomateWoo - Birthdays add-on,Woo,$49.00,,
Product Badges,Kestrel,$79.00,4.6,5
Price By Country,HighAddons,$49.00,4.2,10
Buy Once or Subscribe for WooCommerce Subscriptions,eCommerce Tools,$79.00,4.7,10
Product Recommendation Quiz,RevenueHunt,$29.00,4.6,23
B2B & Wholesale Suite,WebWizards,$149.00,2.3,15
Purolator Shipping Method,OPMC,$99.00,2,5
Paywall,TIV.NET INC.,$129.00,,
Flat Rate Box Shipping,Woo,$59.00,,
Chase Paymentech,SkyVerge,$199.00,2,4
Conversion Tracking Pro,weDevs,$99.00,,
MSRP Pricing,Ademti Software,$49.00,5,3
Ingenico Gateway (Ogone platform),SkyVerge,$79.00,4.7,3
Minimum Periods for WooCommerce Subscriptions,WPExtend,$39.00,,
PDF Watermark for WooCommerce,OPMC,$99.00,,
Affiliate Program for WooCommerce,eplugins,$49.00,3.7,13
Smart Search & Product Filter,Searchanise,Free,4.8,23
Country Restrictions,Addify,$69.00,4.4,14
Invoice Payment Option,Addify,$59.00,4.6,11
WooCommerce In-Person Payments M2,Woo,$79.99,3.6,14
Email Customizer,YayCommerce,$69.00,4.6,7
Variations as Single Products,Procomltd,$49.00,2.9,13
Tipping - Add Order Tip,WPSlash,$29.00,4.2,13
WISDM Customer Specific Pricing,WisdmLabs - Building web solutions with Open Source,$79.00,4,4
Slack Notifications,Kestrel,$59.00,,
Advanced Flat Rate Shipping Method,theDotstore,$129.00,3,4
Bulk Discounts,Plugify,$59.00,4.9,14
M2E Multichannel Connect,M2E LTD,Free,5,7
Elavon Payment Gateway,Elavon,Free,3.7,3
Drip Integration,Kestrel,$89.00,,
Kestrel API Manager,Kestrel,$199.00,4.3,7
Auctions,wpinstitut.com,$149.00,,
Coupon Restrictions,DevPress,$49.00,3.7,3
Help Scout Integration,OPMC,$99.00,2.7,10
Variation Shared Inventory,Web Industrial Solutions (Webis),$49.00,3.1,11
Approve New User Registration,Addify,$29.00,4.9,7
eBay Integration,CedCommerce,$329.00,4.6,83
Product Finder,Kestrel,$89.00,,
Gift Wrapper,Flintop,$79.00,4.4,7
Password Protected Categories & Store,CodeIncept,$49.00,2.9,7
Bulk Order - B2B Product Table,WPExperts,$79.00,4.8,24
Product Prices by User Roles,Tyche Softwares,$49.00,,
Paysafe Gateway,VanboDevelops,$79.00,,
Custom Permalinks,Meow Crew,$49.00,5,4
VosFactures - AntiFraud Customized Invoices,VosFactures,$40.00,,
Stripe Tax,Stripe,Free,1.8,4
Private Store,CodeIncept,$49.00,4,9
Save & Share Cart,HighAddons,$49.00,4.7,20
Datalayer,Array.codes,$99.00,5,30
Clear Cart and Sessions,FmeAddons,$49.00,4.2,6
Etsy for WooCommerce,CedCommerce,$249.00,4.5,100
Westpac & St. George PayWay NET Payment Gateway,Tyson Armstrong,$79.00,5,4
Helio Pay,Helio Fintech Ltd,Free,3,3
Clone Orders,Vibe Agency,$49.00,4,8
Disability VAT Exemption,OPMC,$49.00,,
Shop as a Customer,FmeAddons,$49.00,3.8,24
Amazon Product Importer & Affiliate,Nxtal,$49.00,2.6,13
Custom Product Boxes,CodeIncept,$79.00,4.3,24
Sales Agent,WPExperts,$49.00,4.4,47
Pin Payments Payment Gateway,Tyson Armstrong,$79.00,,
Custom Fields,Addify,$79.00,5,10
Saved Addresses,StoreApps,$79.00,3.4,7
Custom Start Date for WooCommerce Subscriptions,Launch and Sell,$89.00,2.9,7
Payment Reminder,SKROTRON,$29.00,2.1,11
B2B Request a Quote,WPExperts,$49.00,4.7,43
Automatic Order Printing,Procomltd,$119.00,4.2,28
User Registration - Custom Form Fields,WPExperts,$49.00,4.9,38
Price By Quantity,WebMeteors,$49.00,5,11
My Account Page Editor,KoalaApps,$49.00,3.8,5
Storewide Sale,HighAddons,$49.00,4.7,3
Salesforce Integration,WP Swings,$149.00,4.8,18
Elementor Connector for WooCommerce Bookings,WPExtend,$49.00,,
Email Customizer Pro,StoreApps,$99.00,4.3,6
MYOB Integration,OPMC,$99.00,2.8,16
Registration & Login with Mobile Phone Number,FmeAddons,$39.00,4.8,52
WooCommerce Beta Tester,Woo,Free,,
Westpac PayWay API Payment Gateway,Tyson Armstrong,$79.00,,
Migrate & Import Shopify to WooCommerce,FmeAddons,$79.00,3.8,19
Conditional Payment Methods,StoreApps,$79.00,,
"Swiss Post: Barcodes, Address Checker & Auto-Complete",FirstPoint Digital Agency,$79.00,4.2,6
WooCommerce Coupon Campaigns,Woo,$49.00,,
Iconic Delivery Slots,Iconic,$129.00,,
CRM Integration For Zoho,WP Swings,$129.00,4.9,26
Price by Formula Calculator,Plugify,$79.00,5,54
Smart Cart,WP1,$29.00,3.8,4
Sale Flash Pro,Kestrel,$59.00,,
Age Verification and Product Disclaimer Popup,WPExperts,$49.00,4.7,12
Freshdesk Integration,Kestrel,$89.00,,
Give Products,Kestrel,$59.00,,
Stamps.com XML File Export,SkyVerge,$79.00,,
Product Dynamic Pricing and Discounts,Addify,$99.00,5,7
Ninja Forms Product Add-ons,Atomic Web Strategy,$99.00,,
Login & Shop as Customer,KoalaApps,$39.00,4.1,9
Smart Refunder,StoreApps,$79.00,,
Product Gallery Slider,FmeAddons,$49.00,4.4,20
Extend - Subscriptions Add-On,Codup,$49.00,1.3,3
Custom Order Status,Addify,$49.00,4.5,13
Pay360 Gateway,VanboDevelops,$79.00,,
Canal,ShopCanal,Free,,
Product Designer,Flintop,$129.00,2.5,8
Paymob Checkout,Paymob,Free,3.2,5
Shipwire,SkyVerge,$129.00,,
Custom Product Tabs Manager,Addify,$69.00,3.7,8
iPay88 Gateway,VanboDevelops,$79.00,,
Gift Cards Pro for WooCommerce,Flintop,$79.00,3,6
Frequently Bought Together,Premmerce,$49.00,,
Odoo Integration,OPMC,$149.00,1.2,14
Order on WhatsApp,FmeAddons,$49.00,4.4,30
Order Bump,Flintop,$79.00,3.3,3
Product Variations Table,FmeAddons,$49.00,4.8,24
Cost & Reports,Consortia AS,$89.00,4,6
Checkout Fields Manager,Addify,$49.00,5,6
Discounts for WooCommerce Subscriptions,Meow Crew,$79.00,,
QuickBooks Integration,WP Swings,$99.00,4.2,5
Age Verification Popup,KoalaApps,$29.00,4.7,3
Advanced Catalog Mode,ELEXtensions,$79.00,2.3,3
Sales Analysis,itthinx,$129.00,,
Product Listing Page with List and Grid View,FmeAddons,$49.00,3.7,14
Credit Line or Credits,Flintop,$79.00,3.9,7
Customer Email Verification,Zorem,$129.00,3.4,5
Address Autocomplete,WPExperts,$49.00,3.3,13
Buy Again,Flintop,$49.00,5,4
Product Options and Addons,Addify,$69.00,4.8,9
Google AutoFill Customer Addresses,FmeAddons,$49.00,4.1,21
Product Availability Slots,Flintop,$49.00,4.7,6
Hide Shipping Methods,ELEXtensions,$79.00,3.3,4
NetSuite Integration,TechMarbles,$399.00,4.8,40
Extend B2B - Product Tables,Codup,$49.00,,
Multi-Currency Switcher,YayCommerce,$49.00,3.7,3
Subaccounts & Multi-User Accounts,WebWizards,$79.00,,
Estimated Delivery Date & Time,Plugify,$49.00,5,15
Self-service Dashboard for WooCommerce Subscriptions,eCommerce Tools,$89.00,5,8
Auctions Made Easy,Flintop,$129.00,4.7,3
Added to Cart Popup,KoalaApps,$29.00,,
Authorize.Net Reporting,SkyVerge,$49.00,,
New Zealand Post,OPMC,$79.00,2.9,10
Custom Stock Status,Addify,$49.00,5,5
Shipping Locations Pro,WPExtend,$59.00,,
Cashier,StoreApps,$149.00,,
Order Tags,Kestrel,$79.00,5,3
Restaurant,WPExperts,$149.00,3.9,27
Quantity Buttons,FmeAddons,$29.00,4.3,14
User Defined pricing - Name your price based on user roles,FmeAddons,$49.00,4.5,6
Size Chart for WooCommerce,KoalaApps,$49.00,4.7,8
Order Approval,Addify,$49.00,4.4,7
Hide Variations by User Roles,Addify,$29.00,,
Private Store & Website,Addify,$49.00,5,4
MultilingualPress,Syde,$149.00,,
Auto Update Cart,Amplify Plugins,$29.00,,
Gallery Captions,John Beales,$29.00,5,6
Email Reminders for WooCommerce Subscriptions,AspiringPlugins,$39.00,3.6,5
Product Description on Shop Page,KoalaApps,$39.00,4.4,6
Scanventory - Inventory Manager & Label Generator,eStudios Designs,$129.00,2.6,5
Synctrack - Auto Sync PayPal Tracking Info,OmegaApps,Free,4.9,15
Share Cart URL,eplugins,$29.00,3.5,6
Delivery and Pickup Scheduler,Flintop,$99.00,4.9,9
Pixel Manager Pro,SweetCode,$149.00,4,4
Vertical & Accordion Product Detail Tabs,I13 Web Solution,$29.00,2.7,4
Bulk Updater for WooCommerce Subscriptions,AspiringPlugins,$49.00,4.5,4
"User roles editor - Add, Assign and Switch user roles",FmeAddons,$49.00,3.7,6
Bulk Download,Atomic Web Strategy,$49.00,,
Mirakl Connect Integration,CedCommerce,Free,,
Customer Switching,Krokedil,$59.00,,
PsiGate Gateway,VanboDevelops,$79.00,,
Multiple Customer Addresses and Shipping,KoalaApps,$39.00,4,8
Store Finder,WPExperts,$49.00,4,9
Sticky Cart,SKROTRON,$29.00,,
Google Product Review Feed for Google Shopping Ads,WebPerfect,$49.00,,
Cart and Order Restrictions,Addify,$59.00,3.8,4
Open/Close Store Hours & Maintenance mode,FmeAddons,$49.00,4,22
Bulk Category Editor,Consortia AS,$79.00,4.3,6
Merge Orders,Vibe Agency,$49.00,,
Smart Product Bundles,WPExperts,$49.00,5,11
AdRoll Integration,AdRoll,Free,4.2,5
All-In-One Product Slider Carousel,I13 Web Solution,$29.00,,
My Wish List,WP1,$29.00,,
Make an Offer,Plugify,$59.00,4.6,19
Ultimate Memberships,Addify,$129.00,5,5
Segment.io Integration,StoreApps,$79.00,,
Order Restrictions,Flintop,$49.00,,
Spin Wheel,WPExperts,$49.00,2.8,5
Bought Together,WP1,$29.00,,
Events Manager,Pixelite SL,$79.00,2,5
Cart Limits,FmeAddons,$49.00,,
Order Tracking,Addify,$49.00,,
Mixpanel,SkyVerge,$149.00,,
Fortis Payments,Fortis,Free,,
Product Sale Countdown,Addify,Free,2.7,3
Bulk Shop,Consortia AS,$49.00,4.6,10
Share Your Purchase,Enrique J. Ros,$29.00,,
Gift Registry,Addify,$59.00,4.1,7
Aramex Shipping Method,OPMC,$79.00,,
Blaze,Automattic,Free,,
Product Batch & Expiration Tracking,Web Industrial Solutions (Webis),$79.00,1.6,10
Hide Prices & Private Store,WebWizards,$49.00,3,4
Tiered Pricing,WPExperts,$49.00,4.5,14
Custom Registration Forms Builder,Addify,$69.00,5,6
Availability Scheduler,HighAddons,$49.00,5,4
Kissmetrics,SkyVerge,$149.00,,
Wallet,Flintop,$79.00,4.2,5
Products Linked by Variations,Plugify,$49.00,5,9
Merchant Warrior,Tyson Armstrong,$79.00,,
Spee-Dee Delivery,Atomic Web Strategy,$79.00,,
Edit Order by Customer,Addify,$49.00,5,5
Sales Report By Country,Zorem,$59.00,2,3
Product Merchandizing,Vibe Agency,$49.00,,
Colissimo Shipping Method,Atomic Web Strategy,$79.00,,
FooSales Point of Sale (POS),FooSales,$189.00,2.2,5
Extend B2B - Ecommerce AIO,Codup,$99.00,4.4,5
Price Display Including/Excluding Tax,KoalaApps,$29.00,5,7
Price Text,KoalaApps,$29.00,5,8
Phone Orders and Payments,Kestrel,$79.00,,
Product Condition,Amplify Plugins,$29.00,3,3
Extend B2B - Quick Order,Codup,$49.00,3.8,4
Floating Cart,SKROTRON,$29.00,,
Advanced Gift Card,Addify,$79.00,4.3,4
Advanced Free Gifts,Addify,$59.00,,
Price Calculator,Addify,$79.00,4.6,7
"PayHelm: Export, Reports & Analytics",PayHelm,Free,,
Outfy ‑ Automated Social Media,Outfy,Free,,
Update Cart on Checkout,Plugify,$39.00,5,5
Bundle Builder,HighAddons,$79.00,4,8
Nexi Checkout,Nexi | Nets,Free,,
SMS Customer Notifications,Zorem,$129.00,,
Arty 3D Viewer,ARTY,Free,,
Product Brands,WP1,$29.00,,
Up-Sells and Cross-Sells For Variations,HighAddons,$49.00,,
One-Click Upsell Funnel,Plugify,$29.00,5,5
Custom Thank You and Success Pages,KoalaApps,$49.00,,
Price and Stock Import,Kestrel,$79.00,,
Custom Cancelation Rules for WooCommerce Subscriptions,Launch and Sell,$89.00,,
Advanced Product Variation,WP Swings,$49.00,,
Extend B2B - Roles and Permissions,Codup,$99.00,4.7,3
Advanced Product Importer & Affiliate,Nxtal,$129.00,3.3,6
Choose User Role at Registration,Addify,$29.00,,
Custom Product Tag Image,KoalaApps,$29.00,5,10
Extend - Booking Filters,Codup,$99.00,3.3,3
Multiple Order Email Recipients,Addify,$29.00,5,4
Ajax Infinite Scroll,KoalaApps,$49.00,,
Birthday Discount Coupon,KoalaApps,$39.00,,
Order Cancellation Email to Customer,KoalaApps,$29.00,,
TrustCommerce gateway,VanboDevelops,$79.00,,
Product Variations Table Listing,Addify,$39.00,5,5
Social Login Pro,WP Plugin Experts,$69.00,,
Smart Product Quantity,HighAddons,$49.00,4.8,5
Variation Switcher in Cart,Flintop,$49.00,,
Prepaid for WooCommerce Subscriptions,Meow Crew,$79.00,,
Walmart Integration,CedCommerce,$199.00,4.3,15
Floating Sticky Cart,Stylemix FZ-LLC,$29.00,,
Free Shipping Progress Bar,FmeAddons,$29.00,3.7,4
Wholesale Pricing,Addify,$99.00,,
Automatic User Roles Switcher,Addify,$59.00,,
Variations as Radio Buttons,Extendons,$49.00,5,6
Cart To Quote,HighAddons,$49.00,5,4
Product Likes,Kestrel,$49.00,,
Popup Pro,Aheadworks,$29.00,,
FreeAgent Sync,The team at PIE,$79.00,3,5
Quote Request,Flintop,$49.00,,
Advanced Cash on Delivery with Fee,Addify,$49.00,3.3,3
Product Labels and Stickers,Addify,$49.00,,
Country Based Website Switcher,KoalaApps,$49.00,,
viva.com | Smart Checkout,Viva Wallet,Free,,
Cart Discounts,FmeAddons,$49.00,5,3
Back in Stock and Price Alert,Addify,$49.00,4.3,6
Products of the Day,OptArt,$49.00,,
Refer a Friend,Addify,$49.00,,
Product FAQs,Kestrel,$49.00,,
Multi Inventory Management,Addify,$129.00,4,4
Product Stock Manager,Addify,$49.00,3,3
Woo Bot,WP1,$29.00,2,3
ePay.bg payment gateway,VanboDevelops,$79.00,,
Customize Account Page & User Dashboard,Extendons,$79.00,2.3,3
Customer Order Cancellation,FmeAddons,$49.00,3.7,5
Yoast SEO Premium,Yoast,$99.00,,
Mini Cart,Extendons,$49.00,4,6
WooCommerce In-Person Payments WisePad 3,Woo,$84.99,,
Norton Shopping Guarantee with Package Protection,EasyPost,Free,,
Conditional Coupons,SKROTRON,$29.00,,
Direct Checkout Options Pro,Plugify,$39.00,,
Keap for WooCommerce (Formerly Infusionsoft),WPExperts,$99.00,,
Shareable Products,P5Cure,$29.00,,
Top Bar,Addify,$49.00,,
Save Cart Later,WP Swings,$49.00,,
Custom Mix & Match Product Boxes & Bundles,Extendons,$79.00,4.8,9
Email Customizer for AutomateWoo,YayCommerce,$49.00,3.7,3
Simple Product Box,WP1,$29.00,,
Save for Later,Flintop,$49.00,,
Custom Add to Cart Button,Plugify,$29.00,,
e-Path Gateway,Tectalic,$99.00,,
Recently Viewed Products,Flintop,$49.00,,
eBay Product Importer & Affiliate,Nxtal,$49.00,,
Custom Order Number,Addify,$49.00,4.5,4
Assorted Products,CodeIncept,$79.00,,
Yoast WooCommerce SEO,Yoast,$79.00,,
Syncee Premium Dropshipping,Syncee,Free,3.5,3
Custom User Dashboard,Plugify,$49.00,,
Price per Unit PRO,MechComp,$29.00,,
Dynamic Cart & Checkout Notices,Addify,$49.00,,
SAPO Domestic Parcel Service,Atomic Web Strategy,$29.00,,
Power Automate,Reenhanced,$199.00,4.3,5
Keap Integration,WP Swings,$99.00,5,9
Sales Countdown Timer,FmeAddons,$49.00,3.7,3
Product Price Before and After Text,Kestrel,$49.00,,
Coupons by User Role,Addify,Free,,
Exporter for WooCommerce Points and Rewards,AspiringPlugins,$29.00,,
Roles & Rules B2B,Consortia AS,$99.00,5,5
Order Chatroom,u2code - Kolya Lukin,$79.00,4.3,10
Inventory Management,Shelf Planner,$149.00,4.7,12
Review Reminder,Flintop,$49.00,,
Last Minute Offer,WP1,$29.00,,
Support Ticket System,Plugify,$59.00,5,6
Order Product Samples,Plugify,$29.00,4.8,11
File Upload,KoalaApps,$49.00,3.7,3
Conditional Free Product,Amplify Plugins,$79.00,,
Taxamo Integration,OPMC,$79.00,,
Volume Discount Coupons,itthinx,$29.00,,
Store Vacation,MyPreview,$39.00,,
Best Sellers,Flintop,$49.00,,
Product Sales Count,Flintop,$49.00,,
Mautic Integration,WP Swings,$99.00,4,4
Boson Web3 Commerce,Redeemeum UK Limited,Free,,
GDPR Cookies,OPMC,$49.00,,
WISDM Custom Product Boxes,WisdmLabs - Building web solutions with Open Source,$79.00,5,3
Quick Checkout,Flintop,$49.00,,
Smart Bulk Variations,HighAddons,$49.00,4.1,7
Product Bulk Editor,WP Swings,$79.00,2.3,3
Cashback,Flintop,$79.00,3,4
Banner Images for WooCommerce,TheCodeFish,$29.00,4.4,8
Coupons Pro,Flintop,$79.00,,
Product Slider,Weave Apps,$29.00,,
Chargeflow,Chargeflow,Free,,
Central Stock,Syde,$99.00,,
Crowdfunding,WebMeteors,$49.00,,
Conditional Checkout,WebMeteors,$49.00,3,4
Virtual Try Glasses,Virtual Tryon,Free,,
Menu by User Roles,Addify,$29.00,3,4
Integration with Zoho Books & Inventory,WP Swings,$99.00,,
Zendesk Support Integration,OPMC,$129.00,,
Product Enquiry Form,FmeAddons,$49.00,,
Email Customizer for WooCommerce Subscriptions,YayCommerce,$79.00,,
ReadyCloud Suite,ReadyCloud CRM,$29.00,,
Flux Checkout,Iconic,$99.00,1,3
ACS Automatic Shipping Calculation,WPSlash,$49.00,,
WhatsApp Chat,FmeAddons,$49.00,,
Product Specification Table,Flintop,$49.00,,
Smart Registration,WebMeteors,$49.00,,
Advanced Cancel Order,Flintop,$49.00,4,3
Sell Individually,Flintop,$29.00,,
Evereye,eye4fraud,Free,5,13
Ajax Instant Search,KoalaApps,$49.00,,
Audio Player,FmeAddons,$29.00,3.7,3
Payment Method Based Fee & Discounts,Addify,$49.00,,
Mini Floating Cart,I13 Web Solution,$29.00,,
Product Warnings & Disclaimers,WiserSteps,$29.00,5,4
WP Fastest Site Search,ExpertRec,Free,,
Deals,Flintop,$49.00,,
Free Shipping Amount Counter,KoalaApps,$29.00,,
Additional Terms Pro,MyPreview,$29.00,,
Reserve Stock,Addify,$79.00,,
Advanced Shipment Tracking Pro,Zorem,$129.00,,
Wholesale Prices & Tiered Pricing,WebWizards,$99.00,,
Product Per Page,FmeAddons,$29.00,,
Zestard Easy Donation,Zestard,Free,4,4
All in One Files Upload,TheCodeFish,$49.00,1,3
Social Proof,Meow Crew,$79.00,,
Setary,Setary,Free,,
Extend - Bundle Discounts,Codup,$29.00,,
Pick List,Consortia AS,$99.00,5,8
GLS Shipping Method,Tehster,$79.00,4,4
Custom Stock Quantity Multiplier,eplugins,$29.00,,
After The Order,Tectalic,$79.00,,
Lebesgue: Marketing & LTV,Lebesgue,Free,,
Email Previewer,AspiringPlugins,$29.00,,
Image Watermark,Addify,$49.00,,
SAPO International Parcel Service,Atomic Web Strategy,$29.00,,
"Dynamic Pricing, Cart Discounts & Checkout Rules",YayCommerce,$79.00,,
Easy Checkout Address,WP1,$29.00,,
SEO Product Filter,Premmerce,$79.00,3.5,3
Antom,Antom,Free,,
Smart User Email Verification,KoalaApps,$49.00,,
Payment Plan Suite,Flintop,$129.00,,
Role & Customer Based Pricing,Meow Crew,$79.00,,
Megaventory Inventory Management,Megaventory,$29.00,,
Shein Product Importer,Nxtal,$49.00,2.3,4
Live Sales Notifications,FmeAddons,$49.00,,
First Purchase Discount,Plugify,$49.00,,
Cost of Goods Sold,Addify,$49.00,,
Yoast WooCommerce SEO (incl. Yoast SEO Premium),Yoast,$145.00,,
AltText.ai - AI Alt Text Generator,AltText.ai,Free,,
Search Products PRO,Search Products PRO,$79.00,,
Extend B2B - Catalog,Codup,$79.00,,
Ultimate Raffle,AspiringPlugins,$59.00,4.8,6
Enhanced Cloudflare Turnstile,Press75,$29.00,,
Order Chat,KoalaApps,$49.00,5,3
Elementor Connector,WPExtend,$49.00,,
WhatsApp Order and Live Chat,KoalaApps,$49.00,,
Octocom AI Agent,Octocom,Free,,
Competitions,wpinstitut.com,$109.00,,
Buy More Save More,KoalaApps,$49.00,5,6
Registration Form Fields,ThemeGrill,$49.00,,
"WooCommerce Shipping Calculator, Purchase Shipping Labels & Tracking for Customers",ELEXtensions,$79.00,,
Order Scheduler Pro,BizSwoop,$129.00,,
Cart Pricing,WebMeteors,$49.00,,
Variation Image Bulk Updater,Flintop,$29.00,,
Security,OPMC,$79.00,,
Reward Points,Aheadworks,$49.00,,
Progressive Discounts,Kestrel,$89.00,,
Role Based Tax,Addify,$79.00,,
Cash on Delivery Pro,Flintop,$79.00,2,3
Partial COD,WP Swings,$79.00,,
Krokedil Product Documents,Krokedil,$59.00,,
Email Reports,Zorem,$99.00,,
PW Sales Scheduler,"Pimwick, LLC",$99.00,,
Advanced Easy Shipping,Idomit Solutions,$49.00,,
Reverb Integration,CedCommerce,$199.00,4.3,3
AntsRoute Delivery Scheduling & Optimization,AntsRoute,$49.00,,
PrestaShop Migration,FmeAddons,$79.00,,
Product Designer for WooCommerce by KILB,Kilb,$299.00,,
Post-Purchase Offers,Flintop,$49.00,,
Products and Orders Sync,Additions Store,$59.00,4.3,6
Simple Sale Countdown Timer,Avamaksa,$49.00,,
Webis Multilingual,Web Industrial Solutions (Webis),$49.00,,
Buy Now or Subscribe and Save for WooCommerce Subscriptions,AspiringPlugins,$49.00,4,3
Advanced Donation,Addify,$79.00,,
Next Order Reward,WP1,$29.00,,
Gamification,WPExperts,$79.00,,
Verisart,Verisart Inc.,Free,,
Billie,Billie GmbH,Free,,
Shipping Countdown,Kestrel,$79.00,,
WooCommerce,Woo,Free,,
Groups,itthinx,Free,,
Shared Attribute Stock,Addify,$49.00,5,3
Scratch Coupon,WP1,$29.00,,
Multi Store Manager,Plugify,$49.00,,
Aliexpress Product Importer & Affiliate,Nxtal,$49.00,,
Spin Wheel Popup,SKROTRON,$29.00,,
Affiliate and Referral Program,RedefiningTheWeb,$79.00,4.6,9
MONEI Payments,MONEI,Free,,
Advanced Conditional Shipping,Addify,$79.00,,
Mystery Gift Box,Flintop,$79.00,,
Shopify Migration,OPMC,$79.00,,
Weight Based Shipping,Addify,$59.00,,
Fundraising,WPExperts,$49.00,5,8
Product Questions And FAQ,Aheadworks,$79.00,,
Image Zoom Pro,Flintop,$49.00,,
Lower Price or Best Price Guarantee,Flintop,$49.00,,
EU Energy Label,TheCodeFish,$29.00,4.2,6
Cancellation Survey and Offers for WooCommerce Subscriptions,Meow Crew,$79.00,,
Advanced Extra Fees,theDotstore,$99.00,,
Birthday Coupons,Flintop,$29.00,,
Price Drop Notifier,Flintop,$49.00,,
Advanced Bulk Edit,StoreApps,$59.00,,
Sales Triggers,Flintop,$49.00,,
Sort Products,Extify Plugins,$39.00,5,3
Product Sold Counter,KoalaApps,$39.00,,
Tilopay,Tilopay,Free,,
Remove Related Products,Tehster,$19.00,,
Quotes for WooCommerce Pro,TechnoVama,$79.00,,
Instant Checkout,WPExperts,$49.00,,
Customer Support,OPMC,$79.00,,
FAQs Manager,KoalaApps,$39.00,,
ACS Courier Voucher,WPSlash,$129.00,5,5
Free Product Sample,Amplify Plugins,$29.00,,
Add custom shipping icons & hide shipping methods,FmeAddons,$49.00,,
Gift Card by Aheadworks,Aheadworks,$49.00,,
Order Notifications on WhatsApp,Procomltd,$79.00,1.3,3
Sales Booster,HighAddons,$79.00,,
Order Limit for WooCommerce,XfinitySoft,$49.00,,
IOSS EU VAT,Óscar Gare,$49.00,,
Crowdfunding Pro,Flintop,$79.00,,
QuickSync for Shopify,R.I.T.N.S LLC,Free,,
Product Cleaner,ThemeDyno,$29.00,,
Ultimate Payment Plans,AspiringPlugins,$59.00,,
Limited Edition Products,Flintop,$49.00,,
Checkout Deal,WP1,$29.00,,
Walmart Product Importer & Affiliate,Nxtal,$49.00,,
AI Image Enhancer,PerfectProduct.ai,Free,,
Advanced Split Order,Addify,$49.00,,
OnBuy Integration,CedCommerce,$29.00,,
WP Rocket,WP Rocket,$59.00,,
Magento Migration,FmeAddons,$79.00,5,6
Archiva,TechnoVama,$49.00,4.7,3
Travel Tour Booking,ovatheme,$59.00,,
Geolocation Based Products Filter,Extendons,$49.00,,
Newly Released Products,Flintop,$49.00,,
Catch Integration,CedCommerce,$199.00,4.3,6
One-Click Clear Cart,KoalaApps,$29.00,,
Phone Number Validation,W7S,$29.00,,
Returns for WooCommerce,Zorem,$129.00,,
Essential Wishlist,NordicMade,$49.00,,
Save Now Buy Later,WP1,$29.00,,
YouTube Playlists and Product Gallery Videos,TheCodeFish,$49.00,,
Flow Notify,BizSwoop,$89.00,,
Visa Acceptance Solutions,Visa Acceptance Solutions,Free,,
Exit Intent Coupons,Flintop,$49.00,,
Auto Complete Orders,Addify,$49.00,,
M2E Multi-Channel Fulfillment by Amazon (MCF FBA),M2E LTD,Free,,
Secure Store Data,Plugify,$29.00,,
Wish.com Integration,CedCommerce,$199.00,4.6,5
Biometric Login,FmeAddons,$29.00,,
Product Key Features,Argy Apps,$29.00,,
Avalon23 Products Filter,Paradigma Tools,$77.00,,
Extend - Product Page Customizer,Codup,$49.00,,
Paytrail,Paytrail,Free,,
License Manager,WPExperts,$129.00,,
Alternate Product Recommendations,Flintop,$49.00,,
The SEO Framework - Premium,The SEO Framework,Free,,
Admin Order Modifier,Robot Dwarf,$79.00,,
Configurable Products Builder,Addify,$99.00,,
WSDesk - Helpdesk & Customer Support Ticket System,ELEXtensions,$99.00,,
Collab Cart,Collab Cart,$49.00,,
Store Locator with Google Maps,Addify,$49.00,,
Advanced Pre Order and Backorder,Addify,$129.00,,
Countdown & Notifier,SKROTRON,$49.00,,
US Export Compliance,Insideout10,$129.00,,
Disable Payment Methods by Countries,TechRBun,$29.00,,
authorized.by® Seal with TÜV-ShopIdent,authorized.by GmbH,$29.00,,
Product Lead Time,Plugify,$49.00,,
Flexi BOGO,Tyche Softwares,$49.00,,
Notifications with WhatsApp,Array.codes,$99.00,,
Assign Orders,Vibe Agency,$79.00,,
Walmart Canada Integration,CedCommerce,$199.00,4.7,4
M2E Kaufland Connect,M2E LTD,Free,,
File Uploader,Extendons,$49.00,,
Ultimate Custom Product Fields,FmeAddons,$49.00,,
Wholesale Order Form & Requisition Lists,WebWizards,$79.00,,
Rich Snippets & Schema Markup,Extendons,$79.00,,
Skroutz Marketplace & XML,WPSlash,$79.00,,
Bol Product Importer,Nxtal,$49.00,,
Upload Files,WebMeteors,$49.00,,
Subscribers & Members Special Pricing,Meow Crew,$79.00,,
Smart Category,WPSlash,$29.00,,
Re-engagement Coupons,Flintop,$49.00,4.5,3
Wix to Woo Migration,FmeAddons,$79.00,,
Quick Order Edit,WPSlash,$49.00,,
Abandoned Cart,WPExperts,$49.00,,
ManoMano Integration,CedCommerce,$199.00,,
Bulk Edit Products & Orders,Addify,$79.00,,
Attribute Price Markup & Discount,Addify,$49.00,,
Affiliate Suite,Flintop,$99.00,,
Gift Wrap Option,KoalaApps,$49.00,,
Abandoned Cart Recovery with Dynamic Coupons,ELEXtensions,$79.00,,
Extend B2B - Price List,Codup,$29.00,,
Custom Checkout Fields Editor,WPExperts,$49.00,,
Elta Courier Voucher,WPSlash,$129.00,,
Yotpo Product Reviews & UGC,Referral Partner,Free,,
PDF Packing Slips and Invoice Builder,WPExperts,$49.00,,
Coming Soon Products,FmeAddons,$49.00,,
Group Attributes,Plugify,$49.00,3.7,3
Bulk Add to Cart,Aheadworks,$49.00,,
Stachethemes Seat Planner,Stachethemes,$59.00,,
Country Based Product Pricing,Addify,$49.00,,
Smart Customers Manager,Addify,$79.00,,
Ajax Pagination & Infinite Scroll,FmeAddons,$49.00,,
Custom Pricing,Flintop,$79.00,,
Perfect Brands for WooCommerce Pro,QuadLayers,$49.00,,
View as Customer,Zorem,$39.00,,
Kogan Integration,CedCommerce,$199.00,2.3,3
Intercom Integration,OPMC,$129.00,,
Geniki Taxydromiki Voucher,WPSlash,$129.00,,
Smart Birthday Discounts,Plugify,$49.00,,
Password Protect,Addify,$49.00,,
WhatsApp Notification and Messaging,RedefiningTheWeb,$49.00,,
Really Simple Featured Video,Codestag,$49.00,,
CartPulse,weDevs,$99.00,,
Minimum Order Amount,Xyno Tech,$49.00,,
Multi Vendor Marketplace,Flintop,$129.00,,
GeekSeller Multichannel Order Management,GeekSeller,$129.00,,
Tip Pro,Flintop,$49.00,,
Tipping at Cart and Checkout,Addify,$39.00,,
Qala Product Price History,Angry Creative,$49.00,,
Push Notifications,KoalaApps,$49.00,,
Anti-Fraud Shield,KoalaApps,$89.00,,
Shipping Insurance Manager,W7S,$29.00,,
QuickSync for Etsy,R.I.T.N.S LLC,Free,,
Order Delivery Date & Time Scheduler,KoalaApps,$79.00,,
Stachethemes Orders SKU Search,Stachethemes,Free,,
Multiple Shipping Boxes Per Product,Plugify,$49.00,,
Blacklist,Bake My WP,$49.00,,
UTM Tracking,WPGens,$59.00,,
Digital Order Signature,Plugify,$39.00,,
GTM Kit,TLA Media,$99.00,,
Ultimate Refunds,AspiringPlugins,$49.00,,
Kestrel AI,Kestrel,$89.00,,
Company Credit,Aheadworks,$79.00,,
Marketing Automation,Icegram,$99.00,,
Firebase Analytics,Appmaker,$29.00,,
Speedex Courier Voucher,WPSlash,$129.00,5,3
SHEIN,CedCommerce,Free,,
Product Sorting & Re-Ordering,HappyKite,$39.00,4.8,4
Product Quantity,WPExperts,$49.00,,
Advanced Returns and Refunds,KoalaApps,$49.00,,
VideographyWP PRO – Product Video,CodeFlavors,$49.00,,
Membership Suite,Flintop,$199.00,,
TaxCloud,TaxCloud,Free,,
Invisible reCAPTCHA,LCweb Projects,$23.00,,
Smart Discounts and Coupons,WPExperts,$49.00,,
Sparks,Themeisle,$79.00,,
Price Guaranteed,FmeAddons,$49.00,,
Advanced Reviews,Aheadworks,$79.00,,
Store Credits & Gift Cards,WPExperts,$49.00,,
OpenCart to WooCommerce Migration,FmeAddons,$79.00,,
Jackpot Wheel,WP1,$29.00,,
Pro Add-on for Dropshipping,OPMC,$149.00,,
Facebook Messenger Chatbot,FmeAddons,$49.00,,
All-in-One Popup,Gutenmate,$49.00,,
Live Sales Map,OPMC,$79.00,,
Savings Plan,Flintop,$79.00,,
Addify PDF Invoices & Packing Slips,Addify,$69.00,,
Product Image Zoom,Extendons,$49.00,,
Smart Custom Product Addons and Fields,WPExperts,$49.00,,
Fruugo Integration,CedCommerce,$49.00,,
Advanced Pay What You Want,Addify,$49.00,,
Product Table Builder,StorePlugin,$49.00,,
Pay Your Price,WPExperts,$49.00,,
Dynamic And Role Based Pricing,WPExperts,$49.00,,
Request Your Price,HighAddons,$49.00,,
Product Attachments Pro,Extify Plugins,$39.00,,
Order Delivery Date,Tyche Softwares,$119.00,,
Phone Validator and Formatter,Karolína Vyskočilová,$29.00,5,6
Product Input Fields,Tyche Softwares,$49.00,,
Custom Product Designer,Extendons,$79.00,,
Price on Request & Quote,Plugify,$69.00,,
Google Automated Discounts Pro,SweetCode,$99.00,,
Notifications for WooCommerce,WPExperts,$49.00,,
Hide Paid Shipping Methods,Amplify Plugins,$29.00,,
WPGens Points and Rewards,WPGens,$89.00,5,5
Uber Direct Shipping,W7S,$49.00,,
Consent Mode Banner PRO,Tag Concierge,$39.00,,
Bulk Update Subscription Price,eplugins,$29.00,,
WhatsApp Purchase Assistant,Webkul,$99.00,,
One Click Re-Order,Torvo AU,$29.00,,
Attribute Stock Manager,Flintop,$49.00,,
Browser Tab Notification,Plugify,$29.00,,
Conditional Shipping and Table Rates,Smartenizer,$79.00,,
Add-on for WooCommerce Points and Rewards,AspiringPlugins,$49.00,,
Linked Products,Addify,$59.00,,
Ultimate Tax Exemption,AspiringPlugins,$39.00,,
Cart Sorting,WPSlash,$49.00,,
ShippingEasy,ShippingEasy,Free,,
Nexa Currency Switcher,Nexa Plugins,$49.00,5,4
Booking and Appointment,Extendons,$79.00,,
Product PDF Catalog,KoalaApps,$49.00,,
Multistep Checkout,FmeAddons,$49.00,,
Role Based Discounts,Extify Plugins,$49.00,,
Email Customizer and Designer,Acowebs,$39.00,,
B2B Invoice Payment Method,WPExperts,$49.00,,
Coupon Email System,eplugins,$29.00,,
Checkout Enhancer,Flintop,$149.00,,
Migrate Import BigCommerce,FmeAddons,$79.00,,
Group Buying,Addify,$79.00,,
Extra Product Options,YayCommerce,$59.00,,
Product Promotion Badges,Gutenmate,$49.00,,
Kivo Search,Kivo Search,$49.00,,
Side Cart & Checkout,Extify Plugins,$39.00,,
Product Quantity Dropdown,Extendons,$29.00,,
Multistep Product Variations,FmeAddons,$49.00,,
Conditional Fees,WPExperts,$49.00,,
Price by Weekday,Plugify,$49.00,,
Tickets for WooCommerce,Referral Partner,Free,,
Conditional Extra Fees,KoalaApps,$69.00,,
Connect & Manage Multiple Stores,Plugify,$59.00,,
Smart Wishlist,WPExperts,$49.00,,
EasyCSV & FTP / SFTP,EasyCSV,Free,,
Advanced Order Notes,WPExperts,$29.00,,
Recover Abandoned Carts Suite,Flintop,$79.00,,
Before / After Product Compare Slider,WPExtend,$29.00,,
Bonanza Integration,CedCommerce,$199.00,,
Cash Payment on Pickup,W7S,$29.00,,
Bulk SKU Generator,Addify,$49.00,,
Mobile App Builder,FmeAddons,$149.00,,
Commercium Marketplace Integration,ConstaCloud Private Limited,Free,,
Side Popup Cart,FmeAddons,$39.00,,
Stock Manager,FmeAddons,$49.00,,
Discount Reminder,Plugify,$49.00,,
Bulk Edit Variations Prices,Xyno Tech,$39.00,,
Abandoned Cart Pro,Tyche Softwares,$119.00,,
Digital Goods Checkout,Addify,$39.00,,
Product Variations and Swatches,WPExperts,$49.00,,
Quick Digital Checkout,WPVenus,$49.00,,
Zendesk Ticket Manager,MorfDev,$99.00,,
Repeat Order and Buy Again,FmeAddons,$39.00,,
Generate Cart & Checkout Links,Plugify,$29.00,,
Payment Gateway Based Fees and Discounts Pro,Tyche Softwares,$49.00,,
Advance Conditional Payment Methods,Extendons,$69.00,,
Product Short Description,Extendons,$39.00,,
Smart Stock & Inventory Manager,StoreApps,$49.00,,
Delivery Time Cut-off,Domainsafe.co.uk,$29.00,,
Easy Product Subtitle,AspiringPlugins,$29.00,,
Advanced URL Coupons,Addify,$49.00,,
Variations Manager,Plugify,$59.00,,
Enhanced Order Notes,Robot Dwarf,$79.00,,
Restrict Product Purchases,Nexolis,$49.00,,
Buy Now Button,FmeAddons,$29.00,,
Flexi Deposits,Tyche Softwares,$119.00,,
Advance Pricing Calculator,Extendons,$79.00,,
Variable Product Bundle,Torvo AU,$29.00,,
Delivery Options,WPExperts,$99.00,,
Advanced Sales Booster,Plugify,$99.00,,
Anti Fraud Protection,Smartenizer,$89.00,,
Order Shipment Tracking,W7S,$49.00,,
Flexi Custom Order Status,Tyche Softwares,$49.00,,
Upload Files & Product Attachments,Plugify,$59.00,,
Goodcom Printer,Goodcom,$79.00,,
Admin Tools,TIV.NET INC.,$49.00,,
Archive Old Orders,W7S,$49.00,,
PDF Invoice and Credit Notes,Carien Software,$59.00,,
Restrict Payment Methods,itthinx,$49.00,,
Food Ordering Manager,BiancoNet,$99.00,,
Test Orders,AspiringPlugins,$29.00,,
B2B Company Credits and Permissions,WPExperts,$49.00,,
Smart Social Proof and FOMO,eCommerce Tools,$29.00,,
Product Slider and Carousel,Extendons,$29.00,,
Smartlink Discount URLs,W7S,$29.00,,
Product Feed Manager,WP Marketing Robot,$99.00,,
Social Sharing Discounts,FmeAddons,$49.00,,
Variation Recommendation,Flintop,$29.00,,
GDPR Cookie Consent,WebToffee,$69.00,,
WebToffee Sequential Order Numbers,WebToffee,$59.00,,
Currency Per Product,Tyche Softwares,$59.00,,
Custom Registration Fields,Extendons,$59.00,,
Bulk Category Creator,Kartechify,$19.00,,
Request a Quote for Price,Extendons,$59.00,,
Quick View & Buy,Extify Plugins,$39.00,,
Skip Cart and Direct Checkout,KoalaApps,$49.00,,
Pay for Post,Plugify,$29.00,,
Multiple Packages per Product,Jeroen Sormani,$49.00,,
Call for Price Pro,Tyche Softwares,$39.00,,
Discount On Cart,Multi Addons,$29.00,,
Subscriptions Cancellation Period,Addify,$69.00,,
Shipped Order Status,Torvo AU,$29.00,,
QODE Wishlist Pro,Qode,$89.00,,
B2B Payments,WPExperts,$49.00,,
Product Info Blocks,SuitePlugins,$49.00,,
Flipkart Product Importer,Nxtal,$49.00,,
Custom Roles & Pricing,WPMajesty,$49.00,,
Redirect User After Login And Register,Extendons,$29.00,,
Product Feed,WebToffee,$89.00,,
Real Simple Autocomplete,secretchord.io,$39.00,,
Open Price,Xyno Tech,$39.00,,
Sort Products in Cart and Order,Kartechify,$19.00,,
Registration Fields & User Roles Approvals,Plugify,$59.00,,
Easy Pre-Orders,Appalify,$99.00,,
Lucky Draw,FmeAddons,$59.00,,
Smart Inventory Management,WPExperts,$79.00,,
accessiBe,accessiBe,Free,,
Instock Notifier,GrandPlugins,$39.00,,
Split Copy Merge Order Actions,W7S,$59.00,,
Shipment and Order Tracking,FmeAddons,$49.00,,
Hide Add to Cart and Price,FmeAddons,$39.00,,
Customized Thank You Pages,Extendons,$49.00,,
Product Documents and Attachments,FmeAddons,$39.00,,
Product Availability Scheduler,KoalaApps,$49.00,,
Download and Share Orders,Xyno Tech,$29.00,,
Salesman,MarketPress GmbH,$99.00,,
Cart-Based Tiered Discounts,Nexolis,$39.00,,
Smart Cart Manager,Smartenizer,$49.00,,
Flexi Custom Order Numbers,Tyche Softwares,$49.00,,
Role-Based Product Vault,Additions Store,$39.00,,
Product Image Watermark,Extendons,$49.00,,
Order By Spreadsheet,lsDevign CommV.,$149.00,,
Smart Sequence Order Number,WPExperts,$49.00,,
Sitewide Sale for WooCommerce,KoalaApps,$49.00,,
PricePulse Discounts and Coupons,RedefiningTheWeb,$39.00,,
Order Archive,Torvo AU,$59.00,,
Advanced Product Comparison,Extify Plugins,$49.00,,
Conditional Popup,TurboPlugins,$39.00,,
Inline Order Notes,WPStoreTools,$29.00,,
Product FAQs and Questions,Extendons,$39.00,,
Customer Info,Zorem,$59.00,,
Custom Tabs and Product Compare,FmeAddons,$69.00,,
Bulk Price Editor,u2code - Kolya Lukin,$69.00,,
QODE Variation Swatches Pro,Qode,$69.00,,
Product Catalog Master,Additions Store,$69.00,,
Product Email Segmentation,AFPAIR,$29.00,,
Ready to Collect Order Status,Torvo AU,$29.00,,
ShopGPT,ShopGPT,Free,,
Quantity Breaks Bogo Offers,FmeAddons,$59.00,,
Boomerang Returns,ShopShapes,$129.00,,
Constellation,Kestrel,$249.00,,
Easy Product Description in Shop,AspiringPlugins,$29.00,,
Custom Product Message,Fictive Hut,$29.00,,
Easy Inventory And Stock Manager Pro,Smackcoders Inc,$49.00,,
Generate QR Code,Plugify,$39.00,,
Delivery Time Slots,Azent Labs,$29.00,,
Quantity Increment Buttons,Extify Plugins,$29.00,,
Hide Shipping Methods Based on Conditions,Extendons,$39.00,,
URL Coupon Code,FmeAddons,$39.00,,
Smart Stock Notifications,"Andale Technolgies, SARL",$29.00,,
Buy for me for WooCommerce,KoalaApps,$39.00,,
Latest Lowest Price,Search Products PRO,$39.00,,
Save and Share Cart for Later,FmeAddons,$39.00,,
Custom Size Charts,Extify Plugins,$39.00,,
Order Priority,Xyno Tech,$39.00,,
Product Quick View,Acowebs,$39.00,,
Smart Stock Notifier,Nexolis,$39.00,,
Cart to Quote & Social Share,Xyno Tech,$49.00,,
Deals and Promotional Offers,Addify,$59.00,,
FAQ+ - Ask Product Questions,I13 Web Solution,$29.00,,
Product Review Summary and Feedback,Gutenmate,$49.00,,
Thank You Page Content Blocks,WebPerfect,$99.00,,
Google Tag Manager for WooCommerce PRO – Multilingual add-on,Tag Concierge,$99.00,,
Visibility Vault,Endorix,$29.00,,
Smart Variations & Attributes Display,TheCodeFish,$29.00,,
Custom Fields Manager,FmeAddons,$69.00,,
Add to Cart Custom Redirect,FmeAddons,$29.00,,
Smart Coupon Manager,Nexolis,$49.00,,
Role Based Analytics,CoderPlus,$49.00,,
WeatherWise Product Recommendations,Lucas Huls Media,Free,,
RRP / MSRP Product Pricing,W7S,$29.00,,
European VAT Validator,Teamwant,$39.00,,
Bulk Order Status Updater,Giorgos Grispos,$39.00,,
LC Refund Requests,LCweb Projects,$45.00,,
Control Your Order Status,FmeAddons,$29.00,,
WCC Freshsales,We Connect Code,$99.00,,
Offer Your Price,Extendons,$49.00,,
Flexi Product Delivery Date,Tyche Softwares,$119.00,,
SMS Alert Notifications,FmeAddons,$79.00,,
Wholesale and Bulk Order Form,FmeAddons,$49.00,,
"Save, Share Cart & Get Discount",Extify Plugins,$49.00,,
Success Dashboard,Property Hive,$39.00,,
Request a Callback,Plugify,$39.00,,
Voice buy for WooCommerce,Techminers,$29.00,,
Product Insurance,W7S,$29.00,,
Quick Order Export to MessagingApp,PhpGuruAcademy,$29.00,,
Order Protection,Xyno Tech,$49.00,,
Discogs Integration,ConstaCloud Private Limited,Free,,
CodeZeera Customer Order Manager,CodeZeera,$29.00,,
AppMySite,"AppMySite, Inc.",Free,,
Smart Daily Checks,Nevma,$129.00,,
Wildberries Product Importer,Nxtal,$49.00,,
iziTuning,REVOLUMEDIA,$29.00,,
Jetpack CRM for WooCommerce,Jetpack,Free,,
Product Inquiry Via WhatsApp,Nexolis,$39.00,,
Country Based Pricing,FmeAddons,$39.00,,
Advanced Product Sorter,Azent Labs,$39.00,,
BayX Importer,Azent Labs,$39.00,,
Bulk Tag Creator,Kartechify,$29.00,,
Notion Connector,W7S,$89.00,,
Extra Order Filters,Kartechify,$19.00,,
Migrate Import Squarespace,FmeAddons,$79.00,,
Country Based Cart Surcharge,Nexolis,$29.00,,
Hide Products by User Roles,FmeAddons,$49.00,,
First Purchase Reward,TheCodeFish,$29.00,,
Lightweight Variation Swatch Changer,adamjablonski.dev,$39.00,,
Price History,Xyno Tech,$49.00,,
Kymvex Inventory Alert,Kymvex,$29.00,,
QODE Quick View Pro,Qode,$59.00,,
Server GTM Hosting,Tag Concierge,Free,,
Bargain Buy,WP1,$29.00,,
Product Description Feedback,Plugify Lab,$29.00,,
GeekSeller Full Suite Multichannel,GeekSeller,Free,,
JD Product Importer,Nxtal,$49.00,,
Influence Rewards,AFPAIR,$39.00,,
Infinite Reports,AFPAIR,$59.00,,
Google reCaptcha Integration,FmeAddons,$29.00,,
Price History Manager,W7S,$29.00,,
External Images,External Images,$99.00,,
Shop the Look,KoalaApps,$39.00,,
Low Stock Notifer,PhpGuruAcademy,$39.00,,
Holded Invoices,Kamalyon,$49.00,,
Flash Sale,Extendons,$39.00,,
Custom Tabs for Products,FmeAddons,$49.00,,
Sort | Hide Out of Stock,Extify Plugins,$39.00,,
WebToffee Gift Cards,WebToffee,$99.00,,
Lucky Wheel Spin,KoalaApps,$39.00,,
Migrate Import Ecwid,FmeAddons,$79.00,,
Dynamic Coupons for Klaviyo,WPGens,$109.00,,
Simple Per Product Shipping,Thrive Aspects,$49.00,,
Quick Buy One Get One Free,Appalify,$39.00,,
Jagif – Free Gift,VillaTheme,$29.00,,
WCC MS Dynamic,We Connect Code,$199.00,,
Checkout Custom Fields Builder for WooCommerce PRO,Stylemix FZ-LLC,$29.00,,
Nexa AI Product Content SmartSuite,Nexa Plugins,$79.00,,
Mistakes Finder,Extify Plugins,$29.00,,
Login and register with phone,TurboPlugins,$39.00,,
Smart Product Tags,Azent Labs,$29.00,,
Sales Agents Manager,Plugify,$49.00,,
Amaya Chatbot AI | GPT PRO,eCommerce Tools,$49.00,,
Easy Check,Obenie,$29.00,,
Product Condition and State,Extendons,$29.00,,
Product Mistakes Finder & Auto Fixer,WPStoreTools,$39.00,,
Mosaic Product Layouts,Micemade,$29.00,,
Product File Attachments by Admin,Plugify,$39.00,,
Personalised Order Numbers,Procomltd,$39.00,,
Location Product Availability,Appalify,$79.00,,
File Upload to Order,Extify Plugins,$49.00,,
Product Size Charts & Guides,W7S,$29.00,,
Photo Reviews,Xyno Tech,$29.00,,
Price Alert and Offer Special Price,Xyno Tech,$39.00,,
Notify Customers,Notify Customers LLC,Free,,
Software License,NSP-CODE SRL,$99.00,,
Product Restock Request,Nexolis,$49.00,,
Product Size Chart Guide,FmeAddons,$39.00,,
Past Order Based Discount,Nexolis,$49.00,,
Stachethemes Review Sentiment AI,Stachethemes,$39.00,,
Extendons Store Locator,Extendons,$79.00,,
Bundle Products Discount,Nexolis,$49.00,,
Order Discounts & Conditional Fee,Xyno Tech,$49.00,,
Review Translator,Jeroen Sormani,$39.00,,
Jetpack Social,Jetpack,Free,,
Linnworks Advanced,Linn Systems Limited,Free,,
SkuVault Core,Linn Systems Limited,Free,,
GoDataFeed,GoDataFeed,Free,,
Jetpack VideoPress,Jetpack,$120.00,,
Jetpack Search,Jetpack,Free,,
Shippo,Shippo,Free,,
